-- MySQL dump 10.13  Distrib 8.0.30, for macos12 (x86_64)
--
-- Host: 127.0.0.1    Database: DB2019034702
-- ------------------------------------------------------
-- Server version	8.0.30
DROP DATABASE IF EXISTS DB2019034702;
CREATE DATABASE IF NOT EXISTS DB2019034702;
USE DB2019034702;

/*!40101 SET @OLD_CHARACTER_SET_CLIENT=@@CHARACTER_SET_CLIENT */;
/*!40101 SET @OLD_CHARACTER_SET_RESULTS=@@CHARACTER_SET_RESULTS */;
/*!40101 SET @OLD_COLLATION_CONNECTION=@@COLLATION_CONNECTION */;
/*!50503 SET NAMES utf8mb4 */;
/*!40103 SET @OLD_TIME_ZONE=@@TIME_ZONE */;
/*!40103 SET TIME_ZONE='+00:00' */;
/*!40014 SET @OLD_UNIQUE_CHECKS=@@UNIQUE_CHECKS, UNIQUE_CHECKS=0 */;
/*!40014 SET @OLD_FOREIGN_KEY_CHECKS=@@FOREIGN_KEY_CHECKS, FOREIGN_KEY_CHECKS=0 */;
/*!40101 SET @OLD_SQL_MODE=@@SQL_MODE, SQL_MODE='NO_AUTO_VALUE_ON_ZERO' */;
/*!40111 SET @OLD_SQL_NOTES=@@SQL_NOTES, SQL_NOTES=0 */;

--
-- Table structure for table `admin`
--

DROP TABLE IF EXISTS `admin`;
/*!40101 SET @saved_cs_client     = @@character_set_client */;
/*!50503 SET character_set_client = utf8mb4 */;
CREATE TABLE `admin` (
  `adminID` varchar(30) NOT NULL,
  `adminPassword` varchar(45) DEFAULT NULL,
  PRIMARY KEY (`adminID`)
) ENGINE=InnoDB DEFAULT CHARSET=utf8mb4 COLLATE=utf8mb4_0900_ai_ci;
/*!40101 SET character_set_client = @saved_cs_client */;

--
-- Dumping data for table `admin`
--

LOCK TABLES `admin` WRITE;
/*!40000 ALTER TABLE `admin` DISABLE KEYS */;
INSERT INTO `admin` VALUES ('admin','admin');
/*!40000 ALTER TABLE `admin` ENABLE KEYS */;
UNLOCK TABLES;

--
-- Table structure for table `basket`
--

DROP TABLE IF EXISTS `basket`;
/*!40101 SET @saved_cs_client     = @@character_set_client */;
/*!50503 SET character_set_client = utf8mb4 */;
CREATE TABLE `basket` (
  `course_id` varchar(25) DEFAULT NULL,
  `class_id` int NOT NULL,
  `class_name` varchar(45) DEFAULT NULL,
  PRIMARY KEY (`class_id`),
  CONSTRAINT `basket_class` FOREIGN KEY (`class_id`) REFERENCES `class` (`class_id`) ON DELETE CASCADE ON UPDATE CASCADE
) ENGINE=InnoDB DEFAULT CHARSET=utf8mb4 COLLATE=utf8mb4_0900_ai_ci;
/*!40101 SET character_set_client = @saved_cs_client */;

--
-- Dumping data for table `basket`
--

LOCK TABLES `basket` WRITE;
/*!40000 ALTER TABLE `basket` DISABLE KEYS */;
/*!40000 ALTER TABLE `basket` ENABLE KEYS */;
UNLOCK TABLES;

--
-- Temporary view structure for view `basketview`
--

DROP TABLE IF EXISTS `basketview`;
/*!50001 DROP VIEW IF EXISTS `basketview`*/;
SET @saved_cs_client     = @@character_set_client;
/*!50503 SET character_set_client = utf8mb4 */;
/*!50001 CREATE VIEW `basketview` AS SELECT 
 1 AS `class_id`,
 1 AS `name`,
 1 AS `course_id`,
 1 AS `Lecturer`*/;
SET character_set_client = @saved_cs_client;

--
-- Table structure for table `building`
--

DROP TABLE IF EXISTS `building`;
/*!40101 SET @saved_cs_client     = @@character_set_client */;
/*!50503 SET character_set_client = utf8mb4 */;
CREATE TABLE `building` (
  `building_id` int NOT NULL,
  `name` varchar(25) DEFAULT NULL,
  `admin` varchar(25) DEFAULT NULL,
  `rooms` int DEFAULT NULL,
  PRIMARY KEY (`building_id`)
) ENGINE=InnoDB DEFAULT CHARSET=utf8mb4 COLLATE=utf8mb4_0900_ai_ci;
/*!40101 SET character_set_client = @saved_cs_client */;

--
-- Dumping data for table `building`
--

LOCK TABLES `building` WRITE;
/*!40000 ALTER TABLE `building` DISABLE KEYS */;
INSERT INTO `building` VALUES (208,'FTC','공과대학',7),(211,'제 2공학관','공과대학',23),(212,'제 1공학관','공과대학',34),(304,'산학기술관','공과대학',13),(305,'IT / BT','공과대학',19),(306,'올림픽 체육관','예술학부',5),(401,'생활과학관','인문과학',20),(407,'제 1법학관','법과대학',10),(408,'제 2법학관','법과대학',13),(504,'사회과학관','사회과학',13),(507,'자연과학관','자연과학',18),(604,'제 1의학관','의과대학',9),(618,'의대계단 강의동','의과대학',15);
/*!40000 ALTER TABLE `building` ENABLE KEYS */;
UNLOCK TABLES;

--
-- Table structure for table `class`
--

DROP TABLE IF EXISTS `class`;
/*!40101 SET @saved_cs_client     = @@character_set_client */;
/*!50503 SET character_set_client = utf8mb4 */;
CREATE TABLE `class` (
  `class_id` int NOT NULL,
  `class_no` int DEFAULT NULL,
  `course_id` varchar(45) DEFAULT NULL,
  `name` varchar(45) DEFAULT NULL,
  `major_id` int DEFAULT NULL,
  `year` int DEFAULT NULL,
  `credit` int DEFAULT NULL,
  `lecturer_id` int DEFAULT NULL,
  `person_max` int DEFAULT NULL,
  `opened` int DEFAULT NULL,
  `room_id` int DEFAULT NULL,
  `person_num` int DEFAULT NULL,
  PRIMARY KEY (`class_id`),
  KEY `course_id_idx` (`course_id`),
  KEY `lecturer_id_idx` (`lecturer_id`),
  KEY `room_id_idx` (`room_id`),
  CONSTRAINT `class_course` FOREIGN KEY (`course_id`) REFERENCES `course` (`course_id`) ON DELETE CASCADE ON UPDATE CASCADE,
  CONSTRAINT `class_lecturer` FOREIGN KEY (`lecturer_id`) REFERENCES `lecturer` (`lecturer_id`) ON DELETE CASCADE ON UPDATE CASCADE,
  CONSTRAINT `class_room` FOREIGN KEY (`room_id`) REFERENCES `room` (`room_id`) ON DELETE CASCADE ON UPDATE CASCADE
) ENGINE=InnoDB DEFAULT CHARSET=utf8mb4 COLLATE=utf8mb4_0900_ai_ci;
/*!40101 SET character_set_client = @saved_cs_client */;

--
-- Dumping data for table `class`
--

LOCK TABLES `class` WRITE;
/*!40000 ALTER TABLE `class` DISABLE KEYS */;
INSERT INTO `class` VALUES (8832,10004,'CIE3032','지반공학및실험',1,2,3,2001032031,37,2022,163,37),(8833,10005,'CIE3033','건설경제학',1,1,3,2001032065,25,2022,101,NULL),(8835,10009,'CIE4047','수공구조물설계',1,4,3,2001032032,38,2022,65,1),(8836,10010,'CIE4058','구조동역학',1,3,3,2001032066,25,2022,148,NULL),(8838,10013,'CIE4068','건설환경공학종합설계2',1,4,3,2001032033,39,2022,82,NULL),(8839,10014,'COE3053','공업수학3',1,3,3,2001032067,25,2022,92,NULL),(8841,10016,'GEN6095','전공현장실습2',1,3,3,2001032034,36,2022,156,NULL),(8842,10017,'MME3026','암반공학',1,3,3,2001032068,25,2022,91,NULL),(8844,10022,'GEN6095','전공현장실습2',2,3,3,2001032035,30,2022,88,NULL),(8845,10025,'ITE3068','소프트웨어스튜디오2',2,3,3,2001032069,25,2022,117,NULL),(8847,10029,'CSE4006','소프트웨어공학',3,3,3,2001032036,33,2022,36,NULL),(8848,10030,'CSE4006','소프트웨어공학',3,3,3,2001032070,25,2022,193,NULL),(8850,10033,'ELE4029','컴파일러',3,3,3,2001032037,37,2022,76,NULL),(8851,10035,'ENE4019','컴퓨터네트워크',3,3,3,2001032071,25,2022,54,NULL),(8852,10036,'ENE4019','컴퓨터네트워크',3,3,3,2001032004,10,2022,11,1),(8853,10037,'GEN6006','특허법의이해',3,3,2,2001032038,33,2022,137,NULL),(8854,10038,'GEN6006','특허법의이해',3,3,2,2001032072,25,2022,6,NULL),(8856,10042,'ITE3016','데이터베이스시스템',3,2,3,2001032035,33,2022,2,NULL),(8857,10043,'ITE3060','시스템프로그램설계2',3,3,2,2001032073,25,2022,66,NULL),(8858,10045,'MAT3008','수치해석',3,3,3,2001032006,12,2022,172,1),(8859,10051,'ECL3005','임베디드제어시스템',4,3,3,2001032040,31,2022,194,0),(8860,10052,'ECL3007','플라즈마공학2',4,2,3,2001032074,25,2022,106,NULL),(8861,10055,'ECL4009','피드백시스템',4,4,3,2001032007,13,2022,80,1),(8862,10056,'ECL4010','차량전자제어',4,4,3,2001032041,31,2022,47,NULL),(8863,10057,'ECL4011','전동력제어',4,4,3,2001032075,25,2022,158,NULL),(8864,10058,'ECL4013','전기공학종합설계2',4,4,3,2001032008,14,2022,69,0),(8865,10059,'ECL4014','산업플라즈마공학',4,4,3,2001032042,34,2022,59,NULL),(8866,10060,'ECL4015','전력전자제어',4,4,3,2001032076,25,2022,168,NULL),(8867,10061,'ECL4018','전기공학세미나',4,1,3,2001032009,15,2022,12,0),(8868,10062,'ELE3004','제어공학',4,3,3,2001032043,38,2022,143,NULL),(8869,10063,'ELE3013','전기기기',4,3,3,2001032077,25,2022,33,NULL),(8870,10065,'ELE4019','전력시스템공학',4,3,3,2001032010,16,2022,124,0),(8871,10066,'ELE4025','펄스파워공학',4,3,3,2001032044,50,2022,51,NULL),(8872,10067,'GEN5026','테크노경영학',4,3,3,2001032078,25,2022,186,NULL),(8873,10072,'ARE3009','건축구조역학2',5,2,3,2001032011,17,2022,4,1),(8874,10073,'ARE3069','건설사업관리1',5,1,3,2001032045,30,2022,151,NULL),(8875,10074,'ARE4014','건축구조계획',5,4,3,2001032079,25,2022,111,NULL),(8876,10075,'ARE4020','건축공학실험',5,4,3,2001032012,18,2022,113,0),(8877,10076,'ARE4022','건축음향',5,3,3,2001032046,30,2022,109,NULL),(8878,10077,'ARE4026','환경과생태건축',5,1,3,2001032080,25,2022,18,NULL),(8879,10078,'ARE4030','전기회로및조명시스템',5,4,3,2001032013,19,2022,183,0),(8880,10079,'ARE5013','건축종합설계2',5,2,3,2001032047,30,2022,16,NULL),(8881,10080,'ARE5032','공학프로젝트및현장실습2',5,4,3,2001032081,25,2022,173,NULL),(8882,10081,'CIE2007','측량학',5,4,3,2001032014,20,2022,147,1),(8883,10082,'CIE3070','철근콘크리트구조2',5,3,3,2001032048,30,2022,145,NULL),(8884,10083,'GEN6095','전공현장실습2',5,3,3,2001032082,25,2022,50,NULL),(8885,10084,'MAT3008','수치해석',5,3,3,2001032015,21,2022,152,0),(8886,10086,'CHE1015','기능성고분자',6,4,3,2001032049,30,2022,68,NULL),(8887,10087,'CHE3006','화공열역학2',6,2,3,2001032083,25,2022,192,NULL),(8888,10088,'CHE3012','물질전달',6,3,3,2001032016,22,2022,93,0),(8889,10089,'CHE4053','유기소자공학',6,4,3,2001032050,30,2022,40,NULL),(8890,10090,'CHE4054','화학공학종합설계2(URIP)',6,4,3,2001032084,25,2022,197,NULL),(8891,10091,'CHM3066','화공기초실험',6,3,2,2001032017,23,2022,84,0),(8892,10092,'CHM3078','촉매반응공학',6,3,3,2001032051,30,2022,115,NULL),(8893,10093,'CHM4001','기기분석',6,2,3,2001032085,25,2022,70,NULL),(8894,10094,'CHM4013','고분자물성',6,3,3,2001032018,24,2022,182,0),(8895,10096,'CHM4083','나노화학공학',6,4,3,2001032052,30,2022,8,NULL),(8897,10099,'CME4002','화공전산설계',6,4,3,2001032019,25,2022,31,0),(8898,10100,'COE1011','실용공학연구2',6,3,1,2001032053,30,2022,13,NULL),(8900,10102,'GEN3052','환경공학',6,1,3,2001032020,26,2022,164,NULL),(8901,10103,'GEN5026','테크노경영학',6,3,3,2001032054,30,2022,75,NULL),(8903,10105,'MEE4001','열전달',6,3,3,2001032021,27,2022,10,1),(8904,10108,'BIO2022','세포생물학',7,3,3,2001032055,30,2022,138,NULL),(8906,10112,'BTN4005','생물나노소재',7,4,3,2001032022,28,2022,167,1),(8907,10113,'BTN4009','응용유전학',7,4,3,2001032056,30,2022,157,NULL),(8909,10115,'BTN4012','공학종합설계2(URIP)',7,4,1,2001032023,29,2022,103,NULL),(8910,10117,'COE1011','실용공학연구2',7,3,1,2001032057,30,2022,133,NULL),(8912,10119,'DBC3018','미생물학',7,3,3,2001032024,30,2022,199,0),(8913,10120,'GEN5026','테크노경영학',7,3,3,2001032058,30,2022,116,NULL),(8915,10124,'GEN6095','전공현장실습2',8,3,3,2001032025,31,2022,72,NULL),(8916,10125,'ICH4022','고분자재료',8,3,3,2001032059,30,2022,127,NULL),(8918,10131,'ONE4004','유기나노공학종합설계2',8,4,3,2001032026,32,2022,41,NULL),(8919,10132,'ONE4005','전공세미나(유기나노공학)URIP',8,4,3,2001032060,30,2022,60,NULL),(8921,10135,'ONE4011','유기전자소재나노공정',8,4,3,2001032027,33,2022,122,NULL),(8922,10140,'TXE4065','고분자구조',8,4,3,2001032061,30,2022,17,NULL),(8924,10142,'CHM4013','고분자물성',9,3,3,2001032028,34,2022,90,NULL),(8925,10144,'EGY3001','재료물성학',9,3,3,2001032062,30,2022,179,NULL),(8927,10147,'EGY4013','에너지공학종합설계2',9,4,3,2001032029,35,2022,170,NULL),(8928,10148,'EGY4016','나노바이오에너지소재',9,4,3,2001032063,30,2022,128,NULL),(8930,10150,'EGY4019','에너지유기소재',9,1,3,2001032030,36,2022,134,NULL),(8931,10151,'GEN5026','테크노경영학',9,3,3,2001032064,25,2022,160,NULL),(88311,10003,'CIE3022','철근콘크리트구조설계',1,1,3,2001001001,25,2021,169,NULL),(88312,10003,'CIE3022','철근콘크리트구조설계',1,1,3,2001001001,22,2020,169,NULL),(88313,10003,'CIE3022','철근콘크리트구조설계',1,1,3,2001001001,34,2019,169,NULL),(88321,10004,'CIE3032','지반공학및실험',1,2,3,2001032031,37,2021,163,NULL),(88322,10004,'CIE3032','지반공학및실험',1,2,3,2001032031,34,2020,163,NULL),(88323,10004,'CIE3032','지반공학및실험',1,2,3,2001032031,37,2019,163,NULL),(88331,10005,'CIE3033','건설경제학',1,1,3,2001032065,35,2021,101,NULL),(88332,10005,'CIE3033','건설경제학',1,1,3,2001032065,27,2020,101,NULL),(88333,10005,'CIE3033','건설경제학',1,1,3,2001032065,2,2019,101,NULL),(88341,10007,'CIE4011','수리학및실험',1,1,3,2001001002,25,2021,7,NULL),(88342,10007,'CIE4011','수리학및실험',1,1,3,2001001002,28,2020,7,NULL),(88343,10007,'CIE4011','수리학및실험',1,1,3,2001001002,32,2019,6,NULL),(88351,10009,'CIE4047','수공구조물설계',1,4,3,2001032032,38,2021,65,NULL),(88352,10009,'CIE4047','수공구조물설계',1,4,3,2001032032,23,2020,65,NULL),(88353,10009,'CIE4047','수공구조물설계',1,4,3,2001032032,38,2019,65,NULL),(88361,10010,'CIE4058','구조동역학',1,3,3,2001032066,25,2021,148,NULL),(88362,10010,'CIE4058','구조동역학',1,3,3,2001032066,36,2020,148,NULL),(88363,10010,'CIE4058','구조동역학',1,3,3,2001032066,3,2019,148,NULL),(88371,10012,'CIE4065','유비쿼터스첨단건설공학',1,1,3,2001011003,25,2021,153,NULL),(88372,10012,'CIE4065','유비쿼터스첨단건설공학',1,1,3,2001011003,33,2020,153,NULL),(88373,10012,'CIE4065','유비쿼터스첨단건설공학',1,1,3,2001011003,26,2019,153,NULL),(88381,10013,'CIE4068','건설환경공학종합설계2',1,4,3,2001032033,29,2021,82,NULL),(88382,10013,'CIE4068','건설환경공학종합설계2',1,4,3,2001032033,36,2020,82,NULL),(88383,10013,'CIE4068','건설환경공학종합설계2',1,4,3,2001032033,39,2019,82,NULL),(88391,10014,'COE3053','공업수학3',1,3,3,2001032067,25,2021,92,NULL),(88392,10014,'COE3053','공업수학3',1,3,3,2001032067,36,2020,92,NULL),(88393,10014,'COE3053','공업수학3',1,3,3,2001032067,4,2019,92,NULL),(88401,10015,'EEC3005','상하수도공학',1,3,3,2001011004,25,2021,107,NULL),(88402,10015,'EEC3005','상하수도공학',1,3,3,2001011004,38,2020,107,NULL),(88403,10015,'EEC3005','상하수도공학',1,3,3,2001011004,27,2019,107,NULL),(88411,10016,'GEN6095','전공현장실습2',1,3,3,2001032034,40,2021,50,NULL),(88412,10016,'GEN6095','전공현장실습2',1,3,3,2001032034,32,2020,14,NULL),(88413,10016,'GEN6095','전공현장실습2',1,3,3,2001032034,40,2019,60,NULL),(88421,10017,'MME3026','암반공학',1,3,3,2001032068,35,2021,91,NULL),(88422,10017,'MME3026','암반공학',1,3,3,2001032068,29,2020,91,NULL),(88423,10017,'MME3026','암반공학',1,3,3,2001032068,5,2019,91,NULL),(88431,10020,'CSE4006','소프트웨어공학',2,3,3,2001021002,25,2021,19,NULL),(88432,10020,'CSE4006','소프트웨어공학',2,3,3,2001021002,20,2020,83,NULL),(88433,10020,'CSE4006','소프트웨어공학',2,3,3,2001021002,26,2019,110,NULL),(88441,10022,'GEN6095','전공현장실습2',2,3,3,2001032035,29,2021,50,NULL),(88442,10022,'GEN6095','전공현장실습2',2,3,3,2001032035,31,2020,80,NULL),(88443,10022,'GEN6095','전공현장실습2',2,3,3,2001032035,34,2019,157,NULL),(88451,10025,'ITE3068','소프트웨어스튜디오2',2,3,3,2001032069,29,2021,3,NULL),(88452,10025,'ITE3068','소프트웨어스튜디오2',2,3,3,2001032069,24,2020,2,NULL),(88453,10025,'ITE3068','소프트웨어스튜디오2',2,3,3,2001032069,6,2019,3,NULL),(88461,10027,'ITE3070','전공멘토링6',2,3,1,2001031001,25,2021,99,NULL),(88462,10027,'ITE3070','전공멘토링6',2,3,1,2001031001,19,2020,99,NULL),(88463,10027,'ITE3070','전공멘토링6',2,3,1,2001031001,22,2019,99,NULL),(88471,10029,'CSE4006','소프트웨어공학',3,3,3,2001032036,33,2021,18,NULL),(88472,10029,'CSE4006','소프트웨어공학',3,3,3,2001032036,32,2020,14,NULL),(88473,10029,'CSE4006','소프트웨어공학',3,3,3,2001032036,30,2019,113,NULL),(88481,10030,'CSE4006','소프트웨어공학',3,3,3,2001032070,19,2021,75,NULL),(88482,10030,'CSE4006','소프트웨어공학',3,3,3,2001032070,29,2020,112,NULL),(88483,10030,'CSE4006','소프트웨어공학',3,3,3,2001032070,7,2019,118,NULL),(88491,10031,'ELE3020','컴퓨터구조2',3,3,3,2001032003,25,2021,12,NULL),(88492,10031,'ELE3020','컴퓨터구조2',3,3,3,2001032003,28,2020,12,NULL),(88493,10031,'ELE3020','컴퓨터구조2',3,3,3,2001032003,39,2019,12,NULL),(88501,10033,'ELE4029','컴파일러',3,3,3,2001032037,33,2021,76,NULL),(88502,10033,'ELE4029','컴파일러',3,3,3,2001032037,40,2020,76,NULL),(88503,10033,'ELE4029','컴파일러',3,3,3,2001032037,34,2019,76,NULL),(88511,10035,'ENE4019','컴퓨터네트워크',3,3,3,2001032071,34,2021,18,NULL),(88512,10035,'ENE4019','컴퓨터네트워크',3,3,3,2001032071,23,2020,108,NULL),(88513,10035,'ENE4019','컴퓨터네트워크',3,3,3,2001032071,8,2019,90,NULL),(88521,10036,'ENE4019','컴퓨터네트워크',3,3,3,2001032004,25,2021,13,NULL),(88522,10036,'ENE4019','컴퓨터네트워크',3,3,3,2001032004,27,2020,114,NULL),(88523,10036,'ENE4019','컴퓨터네트워크',3,3,3,2001032004,10,2019,108,NULL),(88531,10037,'GEN6006','특허법의이해',3,3,2,2001032038,35,2021,6,NULL),(88532,10037,'GEN6006','특허법의이해',3,3,2,2001032038,21,2020,6,NULL),(88533,10037,'GEN6006','특허법의이해',3,3,2,2001032038,38,2019,6,NULL),(88541,10038,'GEN6006','특허법의이해',3,3,2,2001032072,30,2021,6,NULL),(88542,10038,'GEN6006','특허법의이해',3,3,2,2001032072,24,2020,6,NULL),(88543,10038,'GEN6006','특허법의이해',3,3,2,2001032072,9,2019,6,NULL),(88551,10041,'ITE3016','데이터베이스시스템',3,2,3,2001032036,25,2021,3,NULL),(88552,10041,'ITE3016','데이터베이스시스템',3,2,3,2001021002,32,2020,5,NULL),(88553,10041,'ITE3016','데이터베이스시스템',3,2,3,2001032005,11,2019,7,NULL),(88561,10042,'ITE3016','데이터베이스시스템',3,2,3,2001032039,32,2021,4,NULL),(88562,10042,'ITE3016','데이터베이스시스템',3,2,3,2001032036,28,2020,6,NULL),(88563,10042,'ITE3016','데이터베이스시스템',3,2,3,2001032035,37,2019,11,NULL),(88571,10043,'ITE3060','시스템프로그램설계2',3,3,2,2001032073,34,2021,5,NULL),(88572,10043,'ITE3060','시스템프로그램설계2',3,3,2,2001032073,30,2020,5,NULL),(88573,10043,'ITE3060','시스템프로그램설계2',3,3,2,2001032073,10,2019,5,NULL),(88581,10045,'MAT3008','수치해석',3,3,3,2001032006,25,2021,10,NULL),(88582,10045,'MAT3008','수치해석',3,3,3,2001032006,29,2020,87,NULL),(88583,10045,'MAT3008','수치해석',3,3,3,2001032006,12,2019,107,NULL),(88591,10051,'ECL3005','임베디드제어시스템',4,3,3,2001032040,25,2021,194,NULL),(88592,10051,'ECL3005','임베디드제어시스템',4,3,3,2001032040,35,2020,194,NULL),(88593,10051,'ECL3005','임베디드제어시스템',4,3,3,2001032040,32,2019,194,NULL),(88601,10052,'ECL3007','플라즈마공학2',4,2,3,2001032074,38,2021,106,NULL),(88602,10052,'ECL3007','플라즈마공학2',4,2,3,2001032074,20,2020,106,NULL),(88603,10052,'ECL3007','플라즈마공학2',4,2,3,2001032074,11,2019,106,NULL),(88611,10055,'ECL4009','피드백시스템',4,4,3,2001032007,25,2021,80,NULL),(88612,10055,'ECL4009','피드백시스템',4,4,3,2001032007,22,2020,80,NULL),(88613,10055,'ECL4009','피드백시스템',4,4,3,2001032007,13,2019,80,NULL),(88621,10056,'ECL4010','차량전자제어',4,4,3,2001032041,36,2021,47,NULL),(88622,10056,'ECL4010','차량전자제어',4,4,3,2001032041,32,2020,47,NULL),(88623,10056,'ECL4010','차량전자제어',4,4,3,2001032041,32,2019,47,NULL),(88631,10057,'ECL4011','전동력제어',4,4,3,2001032075,37,2021,158,NULL),(88632,10057,'ECL4011','전동력제어',4,4,3,2001032075,38,2020,158,NULL),(88633,10057,'ECL4011','전동력제어',4,4,3,2001032075,12,2019,158,NULL),(88641,10058,'ECL4013','전기공학종합설계2',4,4,3,2001032008,25,2021,69,NULL),(88642,10058,'ECL4013','전기공학종합설계2',4,4,3,2001032008,18,2020,69,NULL),(88643,10058,'ECL4013','전기공학종합설계2',4,4,3,2001032008,14,2019,69,NULL),(88651,10059,'ECL4014','산업플라즈마공학',4,4,3,2001032042,33,2021,59,NULL),(88652,10059,'ECL4014','산업플라즈마공학',4,4,3,2001032042,40,2020,59,NULL),(88653,10059,'ECL4014','산업플라즈마공학',4,4,3,2001032042,18,2019,59,NULL),(88661,10060,'ECL4015','전력전자제어',4,4,3,2001032076,32,2021,168,NULL),(88662,10060,'ECL4015','전력전자제어',4,4,3,2001032076,39,2020,168,NULL),(88663,10060,'ECL4015','전력전자제어',4,4,3,2001032076,13,2019,168,NULL),(88671,10061,'ECL4018','전기공학세미나',4,1,3,2001032009,25,2021,12,NULL),(88672,10061,'ECL4018','전기공학세미나',4,1,3,2001032009,27,2020,12,NULL),(88673,10061,'ECL4018','전기공학세미나',4,1,3,2001032009,15,2019,12,NULL),(88681,10062,'ELE3004','제어공학',4,3,3,2001032043,21,2021,143,NULL),(88682,10062,'ELE3004','제어공학',4,3,3,2001032043,24,2020,143,NULL),(88683,10062,'ELE3004','제어공학',4,3,3,2001032043,37,2019,143,NULL),(88691,10063,'ELE3013','전기기기',4,3,3,2001032077,32,2021,33,NULL),(88692,10063,'ELE3013','전기기기',4,3,3,2001032077,34,2020,33,NULL),(88693,10063,'ELE3013','전기기기',4,3,3,2001032077,14,2019,33,NULL),(88701,10065,'ELE4019','전력시스템공학',4,3,3,2001032010,25,2021,124,NULL),(88702,10065,'ELE4019','전력시스템공학',4,3,3,2001032010,35,2020,124,NULL),(88703,10065,'ELE4019','전력시스템공학',4,3,3,2001032010,16,2019,124,NULL),(88711,10066,'ELE4025','펄스파워공학',4,3,3,2001032044,23,2021,51,NULL),(88712,10066,'ELE4025','펄스파워공학',4,3,3,2001032044,20,2020,51,NULL),(88713,10066,'ELE4025','펄스파워공학',4,3,3,2001032044,34,2019,51,NULL),(88721,10067,'GEN5026','테크노경영학',4,3,3,2001032078,18,2021,75,NULL),(88722,10067,'GEN5026','테크노경영학',4,3,3,2001032078,37,2020,136,NULL),(88723,10067,'GEN5026','테크노경영학',4,3,3,2001032078,15,2019,136,NULL),(88731,10072,'ARE3009','건축구조역학2',5,2,3,2001032011,25,2021,4,NULL),(88732,10072,'ARE3009','건축구조역학2',5,2,3,2001032011,38,2020,4,NULL),(88733,10072,'ARE3009','건축구조역학2',5,2,3,2001032011,17,2019,4,NULL),(88741,10073,'ARE3069','건설사업관리1',5,1,3,2001032045,30,2021,151,NULL),(88742,10073,'ARE3069','건설사업관리1',5,1,3,2001032045,29,2020,151,NULL),(88743,10073,'ARE3069','건설사업관리1',5,1,3,2001032045,34,2019,151,NULL),(88751,10074,'ARE4014','건축구조계획',5,4,3,2001032079,37,2021,111,NULL),(88752,10074,'ARE4014','건축구조계획',5,4,3,2001032079,35,2020,111,NULL),(88753,10074,'ARE4014','건축구조계획',5,4,3,2001032079,16,2019,111,NULL),(88761,10075,'ARE4020','건축공학실험',5,4,3,2001032012,25,2021,113,NULL),(88762,10075,'ARE4020','건축공학실험',5,4,3,2001032012,18,2020,113,NULL),(88763,10075,'ARE4020','건축공학실험',5,4,3,2001032012,18,2019,113,NULL),(88771,10076,'ARE4022','건축음향',5,3,3,2001032046,35,2021,109,NULL),(88772,10076,'ARE4022','건축음향',5,3,3,2001032046,22,2020,109,NULL),(88773,10076,'ARE4022','건축음향',5,3,3,2001032046,30,2019,109,NULL),(88781,10077,'ARE4026','환경과생태건축',5,1,3,2001032080,34,2021,18,NULL),(88782,10077,'ARE4026','환경과생태건축',5,1,3,2001032080,31,2020,18,NULL),(88783,10077,'ARE4026','환경과생태건축',5,1,3,2001032080,17,2019,18,NULL),(88791,10078,'ARE4030','전기회로및조명시스템',5,4,3,2001032013,25,2021,183,NULL),(88792,10078,'ARE4030','전기회로및조명시스템',5,4,3,2001032013,28,2020,183,NULL),(88793,10078,'ARE4030','전기회로및조명시스템',5,4,3,2001032013,19,2019,183,NULL),(88801,10079,'ARE5013','건축종합설계2',5,2,3,2001032047,40,2021,16,NULL),(88802,10079,'ARE5013','건축종합설계2',5,2,3,2001032047,35,2020,16,NULL),(88803,10079,'ARE5013','건축종합설계2',5,2,3,2001032047,34,2019,16,NULL),(88811,10080,'ARE5032','공학프로젝트및현장실습2',5,4,3,2001032081,21,2021,173,NULL),(88812,10080,'ARE5032','공학프로젝트및현장실습2',5,4,3,2001032081,28,2020,173,NULL),(88813,10080,'ARE5032','공학프로젝트및현장실습2',5,4,3,2001032081,18,2019,173,NULL),(88821,10081,'CIE2007','측량학',5,4,3,2001032014,25,2021,147,NULL),(88822,10081,'CIE2007','측량학',5,4,3,2001032014,20,2020,147,NULL),(88823,10081,'CIE2007','측량학',5,4,3,2001032014,20,2019,147,NULL),(88831,10082,'CIE3070','철근콘크리트구조2',5,3,3,2001032048,18,2021,145,NULL),(88832,10082,'CIE3070','철근콘크리트구조2',5,3,3,2001032048,35,2020,145,NULL),(88833,10082,'CIE3070','철근콘크리트구조2',5,3,3,2001032048,38,2019,145,NULL),(88841,10083,'GEN6095','전공현장실습2',5,3,3,2001032082,22,2021,14,NULL),(88842,10083,'GEN6095','전공현장실습2',5,3,3,2001032082,20,2020,80,NULL),(88843,10083,'GEN6095','전공현장실습2',5,3,3,2001032082,19,2019,157,NULL),(88851,10084,'MAT3008','수치해석',5,3,3,2001032015,21,2021,10,NULL),(88852,10084,'MAT3008','수치해석',5,3,3,2001032015,26,2020,87,NULL),(88853,10084,'MAT3008','수치해석',5,3,3,2001032015,21,2019,107,NULL),(88861,10086,'CHE1015','기능성고분자',6,4,3,2001032049,29,2021,68,NULL),(88862,10086,'CHE1015','기능성고분자',6,4,3,2001032049,37,2020,68,NULL),(88863,10086,'CHE1015','기능성고분자',6,4,3,2001032049,37,2019,68,NULL),(88871,10087,'CHE3006','화공열역학2',6,2,3,2001032083,23,2021,192,NULL),(88872,10087,'CHE3006','화공열역학2',6,2,3,2001032083,37,2020,192,NULL),(88873,10087,'CHE3006','화공열역학2',6,2,3,2001032083,20,2019,192,NULL),(88881,10088,'CHE3012','물질전달',6,3,3,2001032016,22,2021,93,NULL),(88882,10088,'CHE3012','물질전달',6,3,3,2001032016,29,2020,94,NULL),(88883,10088,'CHE3012','물질전달',6,3,3,2001032016,22,2019,96,NULL),(88891,10089,'CHE4053','유기소자공학',6,4,3,2001032050,25,2021,40,NULL),(88892,10089,'CHE4053','유기소자공학',6,4,3,2001032050,18,2020,40,NULL),(88893,10089,'CHE4053','유기소자공학',6,4,3,2001032050,32,2019,40,NULL),(88901,10090,'CHE4054','화학공학종합설계2(URIP)',6,4,3,2001032084,40,2021,197,NULL),(88902,10090,'CHE4054','화학공학종합설계2(URIP)',6,4,3,2001032084,31,2020,197,NULL),(88903,10090,'CHE4054','화학공학종합설계2(URIP)',6,4,3,2001032084,21,2019,197,NULL),(88911,10091,'CHM3066','화공기초실험',6,3,2,2001032017,23,2021,84,NULL),(88912,10091,'CHM3066','화공기초실험',6,3,2,2001032017,34,2020,84,NULL),(88913,10091,'CHM3066','화공기초실험',6,3,2,2001032017,23,2019,84,NULL),(88921,10092,'CHM3078','촉매반응공학',6,3,3,2001032051,21,2021,115,NULL),(88922,10092,'CHM3078','촉매반응공학',6,3,3,2001032051,23,2020,115,NULL),(88923,10092,'CHM3078','촉매반응공학',6,3,3,2001032051,32,2019,115,NULL),(88931,10093,'CHM4001','기기분석',6,2,3,2001032085,20,2021,70,NULL),(88932,10093,'CHM4001','기기분석',6,2,3,2001032085,33,2020,70,NULL),(88933,10093,'CHM4001','기기분석',6,2,3,2001032085,22,2019,70,NULL),(88941,10094,'CHM4013','고분자물성',6,3,3,2001032018,24,2021,90,NULL),(88942,10094,'CHM4013','고분자물성',6,3,3,2001032018,19,2020,90,NULL),(88943,10094,'CHM4013','고분자물성',6,3,3,2001032018,24,2019,90,NULL),(88951,10096,'CHM4083','나노화학공학',6,4,3,2001032052,21,2021,8,NULL),(88952,10096,'CHM4083','나노화학공학',6,4,3,2001032052,37,2020,12,NULL),(88953,10096,'CHM4083','나노화학공학',6,4,3,2001032052,18,2019,8,NULL),(88971,10099,'CME4002','화공전산설계',6,4,3,2001032019,25,2021,31,NULL),(88972,10099,'CME4002','화공전산설계',6,4,3,2001032019,33,2020,31,NULL),(88973,10099,'CME4002','화공전산설계',6,4,3,2001032019,25,2019,31,NULL),(88981,10100,'COE1011','실용공학연구2',6,3,1,2001032053,27,2021,133,NULL),(88982,10100,'COE1011','실용공학연구2',6,3,1,2001032053,38,2020,125,NULL),(88983,10100,'COE1011','실용공학연구2',6,3,1,2001032053,37,2019,99,NULL),(89001,10102,'GEN3052','환경공학',6,1,3,2001032020,26,2021,164,NULL),(89002,10102,'GEN3052','환경공학',6,1,3,2001032020,18,2020,164,NULL),(89003,10102,'GEN3052','환경공학',6,1,3,2001032020,26,2019,164,NULL),(89011,10103,'GEN5026','테크노경영학',6,3,3,2001032054,40,2021,186,NULL),(89012,10103,'GEN5026','테크노경영학',6,3,3,2001032054,20,2020,136,NULL),(89013,10103,'GEN5026','테크노경영학',6,3,3,2001032054,34,2019,136,NULL),(89031,10105,'MEE4001','열전달',6,3,3,2001032021,27,2021,10,NULL),(89032,10105,'MEE4001','열전달',6,3,3,2001032021,40,2020,10,NULL),(89033,10105,'MEE4001','열전달',6,3,3,2001032021,27,2019,10,NULL),(89041,10108,'BIO2022','세포생물학',7,3,3,2001032055,37,2021,138,NULL),(89042,10108,'BIO2022','세포생물학',7,3,3,2001032055,28,2020,138,NULL),(89043,10108,'BIO2022','세포생물학',7,3,3,2001032055,34,2019,138,NULL),(89061,10112,'BTN4005','생물나노소재',7,4,3,2001032022,28,2021,167,NULL),(89062,10112,'BTN4005','생물나노소재',7,4,3,2001032022,37,2020,167,NULL),(89063,10112,'BTN4005','생물나노소재',7,4,3,2001032022,28,2019,167,NULL),(89071,10113,'BTN4009','응용유전학',7,4,3,2001032056,18,2021,157,NULL),(89072,10113,'BTN4009','응용유전학',7,4,3,2001032056,18,2020,157,NULL),(89073,10113,'BTN4009','응용유전학',7,4,3,2001032056,30,2019,157,NULL),(89091,10115,'BTN4012','공학종합설계2(URIP)',7,4,1,2001032023,29,2021,103,NULL),(89092,10115,'BTN4012','공학종합설계2(URIP)',7,4,1,2001032023,30,2020,103,NULL),(89093,10115,'BTN4012','공학종합설계2(URIP)',7,4,1,2001032023,29,2019,103,NULL),(89101,10117,'COE1011','실용공학연구2',7,3,1,2001032057,40,2021,125,NULL),(89102,10117,'COE1011','실용공학연구2',7,3,1,2001032057,29,2020,99,NULL),(89103,10117,'COE1011','실용공학연구2',7,3,1,2001032057,34,2019,99,NULL),(89121,10119,'DBC3018','미생물학',7,3,3,2001032024,30,2021,199,NULL),(89122,10119,'DBC3018','미생물학',7,3,3,2001032024,38,2020,199,NULL),(89123,10119,'DBC3018','미생물학',7,3,3,2001032024,30,2019,199,NULL),(89131,10120,'GEN5026','테크노경영학',7,3,3,2001032058,22,2021,186,NULL),(89132,10120,'GEN5026','테크노경영학',7,3,3,2001032058,21,2020,136,NULL),(89133,10120,'GEN5026','테크노경영학',7,3,3,2001032058,38,2019,136,NULL),(89151,10124,'GEN6095','전공현장실습2',8,3,3,2001032025,29,2021,50,NULL),(89152,10124,'GEN6095','전공현장실습2',8,3,3,2001032025,30,2020,14,NULL),(89153,10124,'GEN6095','전공현장실습2',8,3,3,2001032025,31,2019,60,NULL),(89161,10125,'ICH4022','고분자재료',8,3,3,2001032059,37,2021,127,NULL),(89162,10125,'ICH4022','고분자재료',8,3,3,2001032059,35,2020,127,NULL),(89163,10125,'ICH4022','고분자재료',8,3,3,2001032059,37,2019,127,NULL),(89181,10131,'ONE4004','유기나노공학종합설계2',8,4,3,2001032026,32,2021,41,NULL),(89182,10131,'ONE4004','유기나노공학종합설계2',8,4,3,2001032026,34,2020,41,NULL),(89183,10131,'ONE4004','유기나노공학종합설계2',8,4,3,2001032026,32,2019,41,NULL),(89191,10132,'ONE4005','전공세미나(유기나노공학)URIP',8,4,3,2001032060,27,2021,60,NULL),(89192,10132,'ONE4005','전공세미나(유기나노공학)URIP',8,4,3,2001032060,38,2020,60,NULL),(89193,10132,'ONE4005','전공세미나(유기나노공학)URIP',8,4,3,2001032060,32,2019,60,NULL),(89211,10135,'ONE4011','유기전자소재나노공정',8,4,3,2001032027,33,2021,122,NULL),(89212,10135,'ONE4011','유기전자소재나노공정',8,4,3,2001032027,25,2020,122,NULL),(89213,10135,'ONE4011','유기전자소재나노공정',8,4,3,2001032027,33,2019,122,NULL),(89221,10140,'TXE4065','고분자구조',8,4,3,2001032061,37,2021,17,NULL),(89222,10140,'TXE4065','고분자구조',8,4,3,2001032061,33,2020,17,NULL),(89223,10140,'TXE4065','고분자구조',8,4,3,2001032061,32,2019,17,NULL),(89241,10142,'CHM4013','고분자물성',9,3,3,2001032028,34,2021,90,NULL),(89242,10142,'CHM4013','고분자물성',9,3,3,2001032028,18,2020,90,NULL),(89243,10142,'CHM4013','고분자물성',9,3,3,2001032028,34,2019,90,NULL),(89251,10144,'EGY3001','재료물성학',9,3,3,2001032062,39,2021,179,NULL),(89252,10144,'EGY3001','재료물성학',9,3,3,2001032062,21,2020,179,NULL),(89253,10144,'EGY3001','재료물성학',9,3,3,2001032062,18,2019,179,NULL),(89271,10147,'EGY4013','에너지공학종합설계2',9,4,3,2001032029,35,2021,170,NULL),(89272,10147,'EGY4013','에너지공학종합설계2',9,4,3,2001032029,29,2020,170,NULL),(89273,10147,'EGY4013','에너지공학종합설계2',9,4,3,2001032029,35,2019,170,NULL),(89281,10148,'EGY4016','나노바이오에너지소재',9,4,3,2001032063,36,2021,128,NULL),(89282,10148,'EGY4016','나노바이오에너지소재',9,4,3,2001032063,26,2020,128,NULL),(89283,10148,'EGY4016','나노바이오에너지소재',9,4,3,2001032063,37,2019,128,NULL),(89301,10150,'EGY4019','에너지유기소재',9,1,3,2001032030,36,2021,134,NULL),(89302,10150,'EGY4019','에너지유기소재',9,1,3,2001032030,36,2020,134,NULL),(89303,10150,'EGY4019','에너지유기소재',9,1,3,2001032030,36,2019,134,NULL),(89311,10151,'GEN5026','테크노경영학',9,3,3,2001032064,37,2021,186,NULL),(89312,10151,'GEN5026','테크노경영학',9,3,3,2001032064,29,2020,136,NULL),(89313,10151,'GEN5026','테크노경영학',9,3,3,2001032064,34,2019,136,NULL);
/*!40000 ALTER TABLE `class` ENABLE KEYS */;
UNLOCK TABLES;

--
-- Table structure for table `course`
--

DROP TABLE IF EXISTS `course`;
/*!40101 SET @saved_cs_client     = @@character_set_client */;
/*!50503 SET character_set_client = utf8mb4 */;
CREATE TABLE `course` (
  `course_id` varchar(25) NOT NULL,
  `name` varchar(25) DEFAULT NULL,
  `credit` int DEFAULT NULL,
  PRIMARY KEY (`course_id`)
) ENGINE=InnoDB DEFAULT CHARSET=utf8mb4 COLLATE=utf8mb4_0900_ai_ci;
/*!40101 SET character_set_client = @saved_cs_client */;

--
-- Dumping data for table `course`
--

LOCK TABLES `course` WRITE;
/*!40000 ALTER TABLE `course` DISABLE KEYS */;
INSERT INTO `course` VALUES ('ARE3009','건축구조역학2',3),('ARE3069','건설사업관리1',3),('ARE4014','건축구조계획',3),('ARE4020','건축공학실험',3),('ARE4022','건축음향',3),('ARE4026','환경과생태건축',3),('ARE4030','전기회로및조명시스템',3),('ARE5013','건축종합설계2',3),('ARE5032','공학프로젝트및현장실습2',3),('BIO2022','세포생물학',3),('BTN4005','생물나노소재',3),('BTN4009','응용유전학',3),('BTN4012','공학종합설계2(URIP)',1),('CHE1015','기능성고분자',3),('CHE3006','화공열역학2',3),('CHE3012','물질전달',3),('CHE4053','유기소자공학',3),('CHE4054','화학공학종합설계2(URIP)',3),('CHM3066','화공기초실험',2),('CHM3078','촉매반응공학',3),('CHM4001','기기분석',3),('CHM4013','고분자물성',3),('CHM4083','나노화학공학',3),('CIE2007','측량학',3),('CIE3022','철근콘크리트구조설계',3),('CIE3032','지반공학및실험',3),('CIE3033','건설경제학',3),('CIE3070','철근콘크리트구조2',3),('CIE4011','수리학및실험',3),('CIE4047','수공구조물설계',3),('CIE4058','구조동역학',3),('CIE4065','유비쿼터스첨단건설공학',3),('CIE4068','건설환경공학종합설계2',3),('CME4002','화공전산설계',3),('COE1011','실용공학연구2',1),('COE3053','공업수학3',3),('CSE4006','소프트웨어공학',3),('DBC3018','미생물학',3),('ECL3005','임베디드제어시스템',3),('ECL3007','플라즈마공학2',3),('ECL4009','피드백시스템',3),('ECL4010','차량전자제어',3),('ECL4011','전동력제어',3),('ECL4013','전기공학종합설계2',3),('ECL4014','산업플라즈마공학',3),('ECL4015','전력전자제어',3),('ECL4018','전기공학세미나',3),('EEC3005','상하수도공학',3),('EGY3001','재료물성학',3),('EGY4013','에너지공학종합설계2',3),('EGY4016','나노바이오에너지소재',3),('EGY4019','에너지유기소재',3),('ELE3004','제어공학',3),('ELE3013','전기기기',3),('ELE3020','컴퓨터구조2',3),('ELE4019','전력시스템공학',3),('ELE4025','펄스파워공학',3),('ELE4029','컴파일러',3),('ENE4019','컴퓨터네트워크',3),('GEN3052','환경공학',3),('GEN5026','테크노경영학',3),('GEN6006','특허법의이해',2),('GEN6095','전공현장실습2',3),('ICH4022','고분자재료',3),('ITE3016','데이터베이스시스템',3),('ITE3060','시스템프로그램설계2',2),('ITE3068','소프트웨어스튜디오2',3),('ITE3070','전공멘토링6',1),('MAT3008','수치해석',3),('MEE4001','열전달',3),('MME3026','암반공학',3),('ONE4004','유기나노공학종합설계2',3),('ONE4005','전공세미나(유기나노공학)URIP',3),('ONE4011','유기전자소재나노공정',3),('TXE4065','고분자구조',3);
/*!40000 ALTER TABLE `course` ENABLE KEYS */;
UNLOCK TABLES;

--
-- Table structure for table `credits`
--

DROP TABLE IF EXISTS `credits`;
/*!40101 SET @saved_cs_client     = @@character_set_client */;
/*!50503 SET character_set_client = utf8mb4 */;
CREATE TABLE `credits` (
  `credits_id` int NOT NULL,
  `student_id` int DEFAULT NULL,
  `course_id` varchar(25) DEFAULT NULL,
  `year` int DEFAULT NULL,
  `grade` int DEFAULT NULL,
  PRIMARY KEY (`credits_id`),
  KEY `course_credit_idx` (`course_id`),
  CONSTRAINT `course_credits` FOREIGN KEY (`course_id`) REFERENCES `course` (`course_id`) ON DELETE CASCADE ON UPDATE CASCADE
) ENGINE=InnoDB DEFAULT CHARSET=utf8mb4 COLLATE=utf8mb4_0900_ai_ci;
/*!40101 SET character_set_client = @saved_cs_client */;

--
-- Dumping data for table `credits`
--

LOCK TABLES `credits` WRITE;
/*!40000 ALTER TABLE `credits` DISABLE KEYS */;
INSERT INTO `credits` VALUES (1,2018003125,'GEN5026',2022,3),(2,2018003125,'ARE4014',2022,3),(3,2018003125,'ARE4026',2022,2),(4,2018003125,'ARE5032',2022,4),(5,2018003125,'GEN6095',2022,4),(6,2018003125,'MEE4001',2022,1),(7,2018003125,'ECL3007',2019,2),(8,2018003125,'ARE3069',2019,2),(9,2018003125,'CHE3006',2021,0),(10,2018003125,'ONE4005',2021,3),(11,2018003125,'CHM4013',2020,3),(12,2018004052,'ELE4025',2022,1),(13,2018004052,'GEN5026',2022,0),(14,2018004052,'ARE4014',2022,5),(15,2018004052,'ARE4026',2022,4),(16,2018004052,'ARE5032',2022,3),(17,2018004052,'GEN6095',2022,3),(18,2018004052,'ONE4004',2022,2),(19,2018004052,'CIE4011',2021,2),(20,2018004052,'CIE4065',2019,0),(21,2018004052,'EEC3005',2021,0),(22,2018004052,'CSE4006',2020,0),(23,2018004052,'ENE4019',2021,1),(24,2018004052,'ONE4004',2019,1),(25,2019499349,'ITE3068',2022,3),(26,2019499349,'CSE4006',2022,2),(27,2019499349,'ENE4019',2022,4),(28,2019499349,'GEN6006',2022,4),(29,2019499349,'ITE3060',2022,0),(30,2019499349,'ECL3007',2022,5),(31,2019499349,'ICH4022',2022,3),(32,2019499349,'CIE4058',2020,1),(33,2019499349,'MME3026',2019,3),(34,2019499349,'EGY3001',2019,2),(35,2020004533,'GEN5026',2022,2),(36,2020004533,'ARE4014',2022,4),(37,2020004533,'ARE4026',2022,4),(38,2020004533,'ARE5032',2022,0),(39,2020004533,'CIE3070',2022,1),(40,2020004533,'GEN6095',2022,5),(41,2020004533,'CHM4001',2022,0),(42,2020004533,'CIE3032',2019,0),(43,2020004533,'COE3053',2019,4),(44,2020004533,'CSE4006',2021,4),(45,2020004533,'CSE4006',2019,1),(46,2020004533,'ITE3016',2021,1),(47,2020004533,'ECL3005',2021,3),(48,2020004533,'ARE4026',2019,3),(49,2020004533,'EGY4019',2019,4),(50,2020004533,'GEN5026',2020,1),(51,2020040404,'CIE4058',2022,4),(52,2020040404,'ITE3068',2022,0),(53,2020040404,'ITE3070',2022,4),(54,2020040404,'CSE4006',2022,5),(55,2020040404,'ENE4019',2022,4),(56,2020040404,'GEN6006',2022,3),(57,2020040404,'ITE3060',2022,3),(58,2020040404,'ECL3007',2022,2),(59,2020040404,'ECL4010',2022,3),(60,2020040404,'ARE4030',2022,2),(61,2020040404,'CIE4011',2021,1),(62,2020040404,'CIE4011',2019,4),(63,2020040404,'COE3053',2019,2),(64,2020040404,'EEC3005',2021,0),(65,2020040404,'CIE3070',2021,4),(66,2020040404,'DBC3018',2020,0),(67,2020040404,'EGY3001',2020,2),(68,2020040404,'EGY3001',2019,4),(69,2020004003,'CIE3032',2022,5),(70,2020004003,'CIE4047',2022,4),(71,2020004003,'CIE4068',2022,3),(72,2020004003,'ARE4022',2022,0),(73,2020004003,'CHM4013',2022,4),(74,2020004003,'EGY4013',2022,4),(75,2020004003,'EGY4019',2022,0),(76,2020004003,'CIE3032',2020,0),(77,2020004003,'CIE4065',2020,4),(78,2020004003,'COE3053',2020,2),(79,2020004003,'GEN6006',2020,3),(80,2020004003,'ECL3005',2020,4),(81,2020004003,'ARE4014',2021,2),(82,2020004003,'CIE2007',2021,4),(83,2020004003,'CHM3078',2019,2),(84,2020004003,'EGY4016',2020,4),(85,2020004203,'CSE4006',2022,5),(86,2020004203,'ITE3070',2022,4),(87,2020004203,'ELE3020',2022,4),(88,2020004203,'ENE4019',2022,3),(89,2020004203,'ITE3016',2022,5),(90,2020004203,'MAT3008',2022,4),(91,2021030303,'CSE4006',2022,3),(92,2021030303,'ELE4029',2022,2),(93,2021030303,'GEN6006',2022,4),(94,2021030303,'ITE3016',2022,4),(95,2021030303,'ECL3005',2022,0),(96,2021030303,'ECL4010',2022,5),(97,2021030303,'ELE4025',2022,2),(98,2021030303,'ARE4014',2022,0),(99,2021030303,'EEC3005',2019,3),(100,2021030303,'GEN6095',2019,1),(101,2021030303,'ELE4029',2019,1),(102,2021030303,'ENE4019',2020,0),(103,2021030303,'ECL4018',2020,2),(104,2021030303,'ARE4022',2020,0),(105,2021030303,'COE1011',2021,0),(106,2021030303,'COE1011',2019,0),(107,2020394929,'CIE4011',2022,0),(108,2020394929,'ITE3068',2022,4),(109,2020394929,'CSE4006',2022,3),(110,2020394929,'ENE4019',2022,3),(111,2020394929,'GEN6006',2022,2),(112,2020394929,'ITE3060',2022,4),(113,2020394929,'ECL3007',2022,4),(114,2020394929,'ECL4014',2022,0),(115,2020394929,'CSE4006',2020,4),(116,2020394929,'ELE3020',2019,1),(117,2020394929,'GEN6006',2021,0),(118,2020394929,'ECL4014',2019,0),(119,2020394929,'ARE4026',2020,3),(120,2020394929,'ARE4030',2020,0),(121,2020394929,'CIE2007',2019,3),(122,2020394929,'CHM4001',2021,2),(123,2020394929,'ONE4004',2019,4),(124,2021001445,'GEN5026',2022,4),(125,2021001445,'ARE4014',2022,4),(126,2021001445,'ARE4026',2022,0),(127,2021001445,'ARE5032',2022,5),(128,2021001445,'GEN6095',2022,4),(129,2021001445,'ONE4004',2022,3),(130,2021001445,'ITE3016',2020,2),(131,2021001445,'ITE3060',2021,1),(132,2021001445,'ELE4025',2019,1),(133,2021001445,'ARE4026',2020,2),(134,2021001445,'ARE5013',2019,1),(135,2021001445,'EGY4019',2020,4),(136,2021004004,'CSE4006',2022,4),(137,2021004004,'ELE4029',2022,4),(138,2021004004,'GEN6006',2022,0),(139,2021004004,'ITE3016',2022,5),(140,2021004004,'ECL3005',2022,4),(141,2021004004,'ECL4010',2022,3),(142,2021004004,'COE1011',2022,4),(143,2021004004,'ONE4011',2022,0),(144,2021004004,'ARE5032',2021,3),(145,2021004004,'GEN5026',2021,0),(146,2021004004,'BIO2022',2020,4),(147,2021004004,'CHM4013',2019,3),(148,2021004004,'EGY4013',2020,4),(149,2021004004,'EGY4016',2019,4),(150,2021004394,'CIE3032',2022,2),(151,2021004394,'CIE4047',2022,4),(152,2021004394,'CIE4068',2022,4),(153,2021004394,'ENE4019',2022,0),(154,2021004394,'ARE5013',2022,1),(155,2021004394,'CHM4083',2022,4),(156,2021004394,'GEN5026',2022,2),(157,2021004394,'CHM4013',2022,4),(158,2021004394,'EGY4013',2022,3),(159,2021004394,'EGY4019',2022,3),(160,2021004394,'CSE4006',2021,1),(161,2021004394,'GEN6095',2020,1),(162,2021004394,'ECL4013',2021,1),(163,2021004394,'GEN5026',2020,0),(164,2021004394,'ARE4026',2021,3),(165,2021004394,'CIE3070',2019,0),(166,2021004394,'CHM4083',2021,3),(167,2021004394,'GEN3052',2020,4),(168,2021030128,'CIE3032',2022,3),(169,2021030128,'CIE4047',2022,3),(170,2021030128,'CIE4065',2022,4),(171,2021030128,'CIE4068',2022,2),(172,2021030128,'ECL4011',2022,2),(173,2021030128,'BTN4005',2022,3),(174,2021030128,'CHM4013',2022,0),(175,2021030128,'EGY4013',2022,5),(176,2021030128,'EGY4019',2022,4),(177,2021030128,'CIE4058',2020,3),(178,2021030128,'MAT3008',2020,3),(179,2021030128,'ECL4015',2020,2),(180,2021030128,'ECL4018',2020,2),(181,2021030128,'ARE3009',2020,3),(182,2021030128,'CHE3012',2020,1),(183,2021030128,'EGY3001',2020,1),(184,2021040051,'CSE4006',2022,4),(185,2021040051,'CIE2007',2022,3),(186,2021040051,'MAT3008',2022,0),(187,2021040051,'CHE3012',2022,5),(188,2021040051,'CHM3066',2022,4),(189,2021040051,'CHM4013',2022,3),(190,2021040051,'CME4002',2022,3),(191,2021040051,'GEN3052',2022,2),(192,2021040051,'MEE4001',2022,4),(193,2021040051,'CIE3033',2021,3),(194,2021040051,'CSE4006',2021,1),(195,2021040051,'GEN3052',2021,2),(196,2021040051,'ONE4004',2020,0),(197,2021040051,'EGY4013',2019,0),(198,2022001303,'GEN6095',2022,4),(199,2022001303,'BTN4012',2022,3),(200,2022001303,'DBC3018',2022,4),(201,2022001303,'GEN6095',2022,3),(202,2022001303,'ONE4004',2022,0),(203,2022001303,'ONE4011',2022,2),(204,2022001303,'CIE3022',2019,4),(205,2022001303,'MME3026',2019,2),(206,2022001303,'ITE3068',2021,4),(207,2022001303,'ITE3070',2021,1),(208,2022001303,'CSE4006',2019,1),(209,2022001303,'ELE4029',2021,1),(210,2022001303,'ECL4010',2021,0),(211,2022001303,'ECL4018',2020,2),(212,2022001303,'ELE3004',2021,4),(213,2022001303,'ARE3009',2019,4),(214,2022001303,'CHE4054',2021,0),(215,2022002331,'ECL4015',2022,1),(216,2022002331,'CHE3012',2022,4),(217,2022002331,'CHM3066',2022,3),(218,2022002331,'CHM4013',2022,4),(219,2022002331,'CME4002',2022,5),(220,2022002331,'GEN3052',2022,5),(221,2022002331,'MEE4001',2022,5),(222,2022002331,'CIE4047',2020,2),(223,2022002331,'CSE4006',2021,3),(224,2022002331,'ECL4015',2020,1),(225,2022002331,'ELE3004',2020,0),(226,2022002331,'ARE4020',2020,4),(227,2022002331,'CHE4053',2019,1),(228,2022005004,'CIE3032',2022,4),(229,2022005004,'CIE4047',2022,0),(230,2022005004,'CIE4068',2022,5),(231,2022005004,'ECL4009',2022,2),(232,2022005004,'ARE3069',2022,0),(233,2022005004,'ARE5032',2022,3),(234,2022005004,'CHE4053',2022,2),(235,2022005004,'CHM4013',2022,3),(236,2022005004,'EGY4013',2022,2),(237,2022005004,'EGY4016',2022,3),(238,2022005004,'EGY4019',2022,4),(239,2022005004,'MME3026',2019,1),(240,2022005004,'CSE4006',2021,4),(241,2022005004,'GEN6006',2019,2),(242,2022005004,'ECL4013',2020,0),(243,2022005004,'ARE4026',2019,2),(244,2022005004,'CHE4053',2020,1),(245,2022005004,'BTN4009',2021,0),(246,2022005004,'BTN4009',2020,4),(247,2022005004,'ONE4004',2021,3),(248,2022005004,'EGY4016',2021,3),(249,2022019493,'ARE5013',2022,4),(250,2022019493,'BTN4012',2022,4),(251,2022019493,'DBC3018',2022,0),(252,2022019493,'GEN6095',2022,5),(253,2022019493,'ONE4004',2022,4),(254,2022019493,'ONE4011',2022,3),(255,2022019493,'CIE3033',2019,0),(256,2022019493,'CIE4068',2020,0),(257,2022019493,'CIE4068',2019,2),(258,2022019493,'CSE4006',2019,4),(259,2022019493,'ARE4020',2020,2),(260,2022019493,'ICH4022',2019,2),(261,2022019493,'ONE4004',2020,3),(262,2022040404,'CSE4006',2022,4),(263,2022040404,'ELE4029',2022,3),(264,2022040404,'GEN6006',2022,3),(265,2022040404,'ITE3016',2022,3),(266,2022040404,'ECL3005',2022,4),(267,2022040404,'ECL4010',2022,4),(268,2022040404,'ARE4014',2022,2),(269,2022040404,'CHM3078',2022,2),(270,2022040404,'CIE4047',2021,2),(271,2022040404,'MAT3008',2020,0),(272,2022040404,'CHE4054',2019,1),(273,2022040404,'DBC3018',2020,2),(274,2022040404,'CHM4013',2020,3),(275,2022040404,'CHM4013',2019,3),(276,2022505050,'CSE4006',2022,0),(277,2022505050,'ELE4029',2022,5),(278,2022505050,'GEN6006',2022,4),(279,2022505050,'ITE3016',2022,3),(280,2022505050,'ECL3005',2022,3),(281,2022505050,'ECL4010',2022,2),(282,2022505050,'ARE4020',2022,3),(283,2022505050,'ARE5032',2022,2),(284,2022505050,'DBC3018',2022,1),(285,2022505050,'CIE3033',2020,3),(286,2022505050,'CIE4065',2020,0),(287,2022505050,'COE3053',2020,2),(288,2022505050,'ITE3070',2020,1),(289,2022505050,'ENE4019',2020,1),(290,2022505050,'ITE3016',2020,4),(291,2022505050,'ELE3013',2021,2),(292,2022505050,'ARE4014',2020,2),(293,2022505050,'COE1011',2019,3),(294,2022505050,'GEN5026',2019,4),(295,2022505050,'BTN4009',2021,1),(296,2022505050,'DBC3018',2021,2),(297,2022505050,'GEN5026',2021,3);
/*!40000 ALTER TABLE `credits` ENABLE KEYS */;
UNLOCK TABLES;

--
-- Temporary view structure for view `diff`
--

DROP TABLE IF EXISTS `diff`;
/*!50001 DROP VIEW IF EXISTS `diff`*/;
SET @saved_cs_client     = @@character_set_client;
/*!50503 SET character_set_client = utf8mb4 */;
/*!50001 CREATE VIEW `diff` AS SELECT 
 1 AS `student_id`,
 1 AS `credits_id`,
 1 AS `course_id`,
 1 AS `realDiff`*/;
SET character_set_client = @saved_cs_client;

--
-- Table structure for table `enrolment`
--

DROP TABLE IF EXISTS `enrolment`;
/*!40101 SET @saved_cs_client     = @@character_set_client */;
/*!50503 SET character_set_client = utf8mb4 */;
CREATE TABLE `enrolment` (
  `userID` int NOT NULL,
  `class_ID` int NOT NULL,
  `credit` int DEFAULT NULL,
  PRIMARY KEY (`userID`,`class_ID`)
) ENGINE=InnoDB DEFAULT CHARSET=utf8mb4 COLLATE=utf8mb4_0900_ai_ci;
/*!40101 SET character_set_client = @saved_cs_client */;

--
-- Dumping data for table `enrolment`
--

LOCK TABLES `enrolment` WRITE;
/*!40000 ALTER TABLE `enrolment` DISABLE KEYS */;
/*!40000 ALTER TABLE `enrolment` ENABLE KEYS */;
UNLOCK TABLES;

--
-- Temporary view structure for view `enrolview`
--

DROP TABLE IF EXISTS `enrolview`;
/*!50001 DROP VIEW IF EXISTS `enrolview`*/;
SET @saved_cs_client     = @@character_set_client;
/*!50503 SET character_set_client = utf8mb4 */;
/*!50001 CREATE VIEW `enrolview` AS SELECT 
 1 AS `userID`,
 1 AS `course_id`,
 1 AS `class_id`,
 1 AS `class_name`,
 1 AS `Lecturer_name`*/;
SET character_set_client = @saved_cs_client;

--
-- Temporary view structure for view `gpa`
--

DROP TABLE IF EXISTS `gpa`;
/*!50001 DROP VIEW IF EXISTS `gpa`*/;
SET @saved_cs_client     = @@character_set_client;
/*!50503 SET character_set_client = utf8mb4 */;
/*!50001 CREATE VIEW `gpa` AS SELECT 
 1 AS `student_id`,
 1 AS `eachPersonGPA`*/;
SET character_set_client = @saved_cs_client;

--
-- Table structure for table `lecturer`
--

DROP TABLE IF EXISTS `lecturer`;
/*!40101 SET @saved_cs_client     = @@character_set_client */;
/*!50503 SET character_set_client = utf8mb4 */;
CREATE TABLE `lecturer` (
  `lecturer_id` int NOT NULL,
  `name` varchar(25) DEFAULT NULL,
  `major_id` int DEFAULT NULL,
  PRIMARY KEY (`lecturer_id`),
  KEY `lecturer_major_idx` (`major_id`),
  CONSTRAINT `lecturer_major` FOREIGN KEY (`major_id`) REFERENCES `major` (`major_id`) ON DELETE CASCADE ON UPDATE CASCADE
) ENGINE=InnoDB DEFAULT CHARSET=utf8mb4 COLLATE=utf8mb4_0900_ai_ci;
/*!40101 SET character_set_client = @saved_cs_client */;

--
-- Dumping data for table `lecturer`
--

LOCK TABLES `lecturer` WRITE;
/*!40000 ALTER TABLE `lecturer` DISABLE KEYS */;
INSERT INTO `lecturer` VALUES (105000,NULL,NULL),(999999,NULL,NULL),(9898989,NULL,NULL),(2001001001,'조병완',1),(2001001002,'조용식',1),(2001011003,'조병완',1),(2001011004,'한혁',1),(2001021002,'강수용',2),(2001031001,'박희진',2),(2001032003,'이인환',3),(2001032004,'최진식',3),(2001032005,'김상욱',3),(2001032006,'박종일',3),(2001032007,'신동훈',4),(2001032008,'고광철',4),(2001032009,'정진욱',4),(2001032010,'김진오',4),(2001032011,'최창식',5),(2001032012,'이충선',5),(2001032013,'정재원',5),(2001032014,'이종석',5),(2001032015,'김승남',5),(2001032016,'문성용',6),(2001032017,'서경도',6),(2001032018,'서경도',6),(2001032019,'김진국',6),(2001032020,'공성호',6),(2001032021,'서영웅',6),(2001032022,'이동윤',7),(2001032023,'류성언',7),(2001032024,'윤채옥',7),(2001032025,'안희준',8),(2001032026,'안이용',8),(2001032027,'안형준',8),(2001032028,'강용수',9),(2001032029,'최기한',9),(2001032030,'권태수',9),(2001032031,'박두희',1),(2001032032,'조용식',1),(2001032033,'유재석',1),(2001032034,'조용식',1),(2001032035,'정형수',2),(2001032036,'차재혁',3),(2001032037,'임을규',3),(2001032038,'장의선',3),(2001032039,'김상욱',3),(2001032040,'이형철',4),(2001032041,'이형철',4),(2001032042,'노태협',4),(2001032043,'정정주',4),(2001032044,'고광철',4),(2001032045,'유기찬',5),(2001032046,'전진용',5),(2001032047,'박운종',5),(2001032048,'한상환',5),(2001032049,'Justyn Wayne Jaworski',6),(2001032050,'서동학',6),(2001032051,'서영웅',6),(2001032052,'오성근',6),(2001032053,'서경도',6),(2001032054,'이병희',6),(2001032055,'류성언',7),(2001032056,'임태연',7),(2001032057,'김용희',7),(2001032058,'안광일',7),(2001032059,'김성훈',8),(2001032060,'안희준',8),(2001032061,'임승순',8),(2001032062,'이윤정',9),(2001032063,'이준기',9),(2001032064,'안광일',9),(2001032065,'서종원',1),(2001032066,'박대효',1),(2001032067,'강석구',1),(2001032068,'반호기',1),(2001032069,'최용석',2),(2001032070,'노미나',3),(2001032071,'이춘화',3),(2001032072,'한규옥',3),(2001032073,'최진식',3),(2001032074,'정규선',4),(2001032075,'현동석',4),(2001032076,'김래영',4),(2001032077,'이주',4),(2001032078,'김동준',4),(2001032079,'김효진',5),(2001032080,'전진용',5),(2001032081,'차성민',5),(2001032082,'김주형',5),(2001032083,'배영찬',6),(2001032084,'서경도',6),(2001032085,'최유빈',6);
/*!40000 ALTER TABLE `lecturer` ENABLE KEYS */;
UNLOCK TABLES;

--
-- Table structure for table `major`
--

DROP TABLE IF EXISTS `major`;
/*!40101 SET @saved_cs_client     = @@character_set_client */;
/*!50503 SET character_set_client = utf8mb4 */;
CREATE TABLE `major` (
  `major_id` int NOT NULL,
  `name` varchar(25) DEFAULT NULL,
  PRIMARY KEY (`major_id`)
) ENGINE=InnoDB DEFAULT CHARSET=utf8mb4 COLLATE=utf8mb4_0900_ai_ci;
/*!40101 SET character_set_client = @saved_cs_client */;

--
-- Dumping data for table `major`
--

LOCK TABLES `major` WRITE;
/*!40000 ALTER TABLE `major` DISABLE KEYS */;
INSERT INTO `major` VALUES (1,'건설환경공학과'),(2,'소프트웨어전공'),(3,'컴퓨터전공'),(4,'전기공학전공'),(5,'건축공학부'),(6,'화학공학전공'),(7,'생명공학전공'),(8,'유기나노공학과'),(9,'에너지공학과'),(10,'기계공학부'),(11,'미래자동차공학과'),(12,'원자력공학과'),(13,'자원환경공학과'),(14,'산업공학과'),(15,'생체공학전공'),(16,'도시공학과'),(17,'융합전자공학부'),(18,'신소재공학부'),(19,'교육학과'),(20,'국어교육과'),(21,'영어교육과'),(22,'응용미술교육과'),(23,'교육공학과'),(24,'수학교육과'),(25,'성악과'),(26,'작곡과'),(27,'피아노과'),(28,'관현악과'),(29,'국악과'),(30,'국어국문학과'),(31,'영어영문학과'),(32,'독어독문학과'),(33,'중어중문학과'),(34,'사학과'),(35,'철학과'),(36,'관광학부'),(37,'수학전공'),(38,'물리학전공'),(39,'화학전공'),(40,'생명과학전공'),(41,'컴퓨터공학부'),(42,'정보시스템학과'),(43,'건축학부'),(44,'경영학부'),(45,'파이낸스경영학과'),(46,'국제학부'),(47,'경제금융학부'),(48,'STS(과학기술학)전공'),(49,'공공수행인문학전공'),(50,'미디어문화전공'),(51,'영어커뮤니케이션전공'),(52,'통상한국어커뮤니케이션전공'),(53,'글로벌비즈니스문화전공(영어전용)'),(54,'중국경제통상전공'),(55,'정책학과'),(56,'법학과'),(57,'의류학과'),(58,'식품영양학과'),(59,'실내건축디자인학과'),(60,'체육학과'),(61,'스포츠산업학과'),(62,'연극영화학과'),(63,'무용학과'),(64,'간호학전공'),(65,'간호전공'),(66,'정치외교학과'),(67,'사회학과'),(68,'미디어커뮤니케이션학과'),(69,'행정학과'),(70,'한중통번역전공'),(71,'화공생명공학부'),(72,'전기·생체공학부'),(73,'의예과'),(74,'수학과'),(75,'물리학과'),(76,'화학과'),(77,'생명과학과'),(78,'응용시스템학과'),(79,'교양인영역'),(80,'인문과예술영역'),(81,'언어와표현영역'),(82,'세계인영역'),(83,'사회와세계영역'),(84,'실용인영역'),(85,'비지니스와리더쉽영역'),(86,'과학과기술영역'),(87,'서울대학'),(88,'봉사인영역'),(89,'가상대학영역');
/*!40000 ALTER TABLE `major` ENABLE KEYS */;
UNLOCK TABLES;

--
-- Temporary view structure for view `olap`
--

DROP TABLE IF EXISTS `olap`;
/*!50001 DROP VIEW IF EXISTS `olap`*/;
SET @saved_cs_client     = @@character_set_client;
/*!50503 SET character_set_client = utf8mb4 */;
/*!50001 CREATE VIEW `olap` AS SELECT 
 1 AS `course_id`,
 1 AS `answer`*/;
SET character_set_client = @saved_cs_client;

--
-- Table structure for table `room`
--

DROP TABLE IF EXISTS `room`;
/*!40101 SET @saved_cs_client     = @@character_set_client */;
/*!50503 SET character_set_client = utf8mb4 */;
CREATE TABLE `room` (
  `room_id` int NOT NULL,
  `building_id` int DEFAULT NULL,
  `occupancy` int DEFAULT NULL,
  PRIMARY KEY (`room_id`),
  KEY `room_building_idx` (`building_id`),
  CONSTRAINT `room_building` FOREIGN KEY (`building_id`) REFERENCES `building` (`building_id`) ON DELETE CASCADE ON UPDATE CASCADE
) ENGINE=InnoDB DEFAULT CHARSET=utf8mb4 COLLATE=utf8mb4_0900_ai_ci;
/*!40101 SET character_set_client = @saved_cs_client */;

--
-- Dumping data for table `room`
--

LOCK TABLES `room` WRITE;
/*!40000 ALTER TABLE `room` DISABLE KEYS */;
INSERT INTO `room` VALUES (1,305,140),(2,305,40),(3,305,40),(4,305,40),(5,305,40),(6,305,40),(7,305,30),(8,305,35),(9,305,40),(10,305,40),(11,305,50),(12,305,100),(13,305,40),(14,305,50),(15,305,40),(16,305,40),(17,305,50),(18,305,40),(19,305,40),(20,618,40),(21,618,40),(22,618,40),(23,618,50),(24,618,40),(25,618,40),(26,618,80),(27,618,40),(28,618,120),(29,618,40),(30,618,40),(31,618,50),(32,618,40),(33,618,40),(34,618,30),(35,401,40),(36,401,40),(37,401,40),(38,401,40),(39,401,50),(40,401,40),(41,401,40),(42,401,40),(43,401,40),(44,401,50),(45,401,40),(46,401,40),(47,401,40),(48,401,45),(49,401,40),(50,401,40),(51,401,100),(52,401,40),(53,401,40),(54,401,120),(55,304,40),(56,304,40),(57,304,40),(58,304,40),(59,304,40),(60,304,40),(61,304,40),(62,304,40),(63,304,40),(64,304,50),(65,304,40),(66,304,40),(67,304,40),(68,306,40),(69,306,40),(70,306,40),(71,306,40),(72,306,40),(73,212,40),(74,212,80),(75,212,40),(76,212,40),(77,212,40),(78,212,40),(79,212,100),(80,212,40),(81,212,40),(82,212,40),(83,212,40),(84,212,40),(85,212,40),(86,212,40),(87,212,30),(88,212,40),(89,212,40),(90,212,40),(91,212,40),(92,212,40),(93,212,40),(94,212,40),(95,212,40),(96,212,40),(97,212,35),(98,212,40),(99,212,40),(100,212,40),(101,212,40),(102,212,40),(103,212,40),(104,212,40),(105,212,40),(106,212,45),(107,211,40),(108,211,40),(109,211,40),(110,211,40),(111,211,40),(112,211,40),(113,211,40),(114,211,55),(115,211,40),(116,211,40),(117,211,40),(118,211,40),(119,211,40),(120,211,40),(121,211,40),(122,211,40),(123,211,65),(124,211,40),(125,211,40),(126,211,40),(127,211,40),(128,211,40),(129,211,40),(130,208,40),(131,208,40),(132,208,110),(133,208,40),(134,208,40),(135,208,40),(136,208,40),(137,604,40),(138,604,40),(139,604,40),(140,604,90),(141,604,40),(142,604,40),(143,604,40),(144,604,40),(145,604,40),(146,407,40),(147,407,70),(148,407,40),(149,407,40),(150,407,40),(151,407,40),(152,407,40),(153,407,40),(154,407,60),(155,407,40),(156,408,40),(157,408,40),(158,408,40),(159,408,40),(160,408,40),(161,408,40),(162,408,40),(163,408,65),(164,408,40),(165,408,40),(166,408,40),(167,408,40),(168,408,40),(169,507,120),(170,507,40),(171,507,40),(172,507,40),(173,507,80),(174,507,40),(175,507,40),(176,507,40),(177,507,40),(178,507,40),(179,507,35),(180,507,40),(181,507,55),(182,507,40),(183,507,40),(184,507,45),(185,507,40),(186,507,40),(187,504,40),(188,504,95),(189,504,40),(190,504,40),(191,504,40),(192,504,40),(193,504,40),(194,504,40),(195,504,40),(196,504,40),(197,504,84),(198,504,50),(199,504,40);
/*!40000 ALTER TABLE `room` ENABLE KEYS */;
UNLOCK TABLES;

--
-- Temporary view structure for view `room_occupancy`
--

DROP TABLE IF EXISTS `room_occupancy`;
/*!50001 DROP VIEW IF EXISTS `room_occupancy`*/;
SET @saved_cs_client     = @@character_set_client;
/*!50503 SET character_set_client = utf8mb4 */;
/*!50001 CREATE VIEW `room_occupancy` AS SELECT 
 1 AS `occupancy`,
 1 AS `class_id`*/;
SET character_set_client = @saved_cs_client;

--
-- Temporary view structure for view `schedule`
--

DROP TABLE IF EXISTS `schedule`;
/*!50001 DROP VIEW IF EXISTS `schedule`*/;
SET @saved_cs_client     = @@character_set_client;
/*!50503 SET character_set_client = utf8mb4 */;
/*!50001 CREATE VIEW `schedule` AS SELECT 
 1 AS `class_id`,
 1 AS `userID`,
 1 AS `name`,
 1 AS `day`,
 1 AS `begin`,
 1 AS `end`*/;
SET character_set_client = @saved_cs_client;

--
-- Table structure for table `student`
--

DROP TABLE IF EXISTS `student`;
/*!40101 SET @saved_cs_client     = @@character_set_client */;
/*!50503 SET character_set_client = utf8mb4 */;
CREATE TABLE `student` (
  `student_id` int NOT NULL,
  `password` varchar(25) DEFAULT NULL,
  `name` varchar(25) DEFAULT NULL,
  `sex` varchar(25) DEFAULT NULL,
  `major_id` int DEFAULT NULL,
  `lecturer_id` int DEFAULT NULL,
  `year` int DEFAULT NULL,
  `status` varchar(45) DEFAULT NULL,
  PRIMARY KEY (`student_id`),
  KEY `student_lecturer_idx` (`lecturer_id`),
  KEY `student_major_idx` (`major_id`),
  CONSTRAINT `student_lecturer` FOREIGN KEY (`lecturer_id`) REFERENCES `lecturer` (`lecturer_id`),
  CONSTRAINT `student_major` FOREIGN KEY (`major_id`) REFERENCES `major` (`major_id`)
) ENGINE=InnoDB DEFAULT CHARSET=utf8mb4 COLLATE=utf8mb4_0900_ai_ci;
/*!40101 SET character_set_client = @saved_cs_client */;

--
-- Dumping data for table `student`
--

LOCK TABLES `student` WRITE;
/*!40000 ALTER TABLE `student` DISABLE KEYS */;
INSERT INTO `student` VALUES (2018003125,'125125125','정남아','female',44,2001032011,4,'attendance'),(2018004052,'39nnf2','김관유','male',4,2001032064,3,'attendance'),(2019499349,'2bn4','이현주','female',5,2001032031,4,'attendance'),(2020004003,'banila','김동관','male',33,2001032030,3,'absence'),(2020004203,'qwe123','주정현','male',2,2001021002,3,'leaved'),(2020004533,'35234','한준희','male',3,2001032070,3,'attendance'),(2020040404,'x17171771','김다미','female',15,2001032068,3,'leaved'),(2020394929,'3425nn5','이지은','female',1,2001032085,3,'leaved'),(2021001445,'7007','노선영','female',4,2001032010,2,'attendance'),(2021004004,'foxfoxfox','윤준영','male',22,2001032004,2,'absence'),(2021004394,'goodboy','윤인욱','male',1,2001032004,2,NULL),(2021030128,'food','윤지형','male',44,2001032078,2,NULL),(2021030303,'arandomkey','최다비드','male',34,2001032031,2,NULL),(2021040051,'zeroone234','최아랑','female',19,2001032078,2,NULL),(2022001303,'192939','김다현','female',3,2001032009,1,NULL),(2022002331,'wer234','이상덕','male',2,2001032008,1,NULL),(2022005004,'hexahed','장두호','male',5,2001032081,1,NULL),(2022019493,'zerozero','임지훈','male',17,2001032003,1,NULL),(2022040404,'donkey','권지현','female',22,2001032053,1,NULL),(2022505050,'hellobaby','권희조','female',44,2001032078,1,'absence');
/*!40000 ALTER TABLE `student` ENABLE KEYS */;
UNLOCK TABLES;

--
-- Table structure for table `time`
--

DROP TABLE IF EXISTS `time`;
/*!40101 SET @saved_cs_client     = @@character_set_client */;
/*!50503 SET character_set_client = utf8mb4 */;
CREATE TABLE `time` (
  `time_id` int DEFAULT NULL,
  `class_id` int DEFAULT NULL,
  `day` int DEFAULT NULL,
  `begin` text,
  `end` text
) ENGINE=InnoDB DEFAULT CHARSET=utf8mb4 COLLATE=utf8mb4_0900_ai_ci;
/*!40101 SET character_set_client = @saved_cs_client */;

--
-- Dumping data for table `time`
--

LOCK TABLES `time` WRITE;
/*!40000 ALTER TABLE `time` DISABLE KEYS */;
INSERT INTO `time` VALUES (1,8831,2,'05:30','07:00'),(2,8834,2,'00:00','02:00'),(3,8837,3,'05:30','07:00'),(4,8840,4,'05:30','07:00'),(5,8843,2,'06:30','08:00'),(6,8846,3,'08:30','09:30'),(7,8849,4,'06:00','07:30'),(8,8852,2,'05:00','06:30'),(9,8855,1,'04:30','06:00'),(10,8858,2,'06:30','08:00'),(11,8861,2,'00:00','01:30'),(12,8864,6,'07:00','09:00'),(13,8867,2,'05:30','07:00'),(14,8870,2,'01:30','03:00'),(15,8873,2,'07:00','08:30'),(16,8876,2,'04:00','06:00'),(17,8879,1,'04:00','05:30'),(18,8882,4,'00:00','02:00'),(19,8885,2,'00:00','01:30'),(20,8888,1,'07:00','08:30'),(21,8891,2,'07:00','11:00'),(22,8894,2,'01:30','03:00'),(23,8897,2,'04:00','06:00'),(24,8900,2,'06:00','07:30'),(25,8903,1,'06:00','07:00'),(26,8906,1,'00:00','01:30'),(27,8909,6,'03:00','05:00'),(28,8912,2,'04:00','05:30'),(30,8918,6,'03:00','05:00'),(31,8921,2,'04:00','05:30'),(32,8924,1,'04:00','05:30'),(33,8927,5,'23:00','01:00'),(34,8930,1,'01:30','03:00'),(35,8832,1,'01:00','02:00'),(36,8835,1,'00:00','01:30'),(37,8838,6,'00:00','02:00'),(40,8847,2,'05:00','06:30'),(41,8850,1,'01:30','03:00'),(42,8853,2,'01:00','03:00'),(43,8856,1,'06:00','07:30'),(44,8859,4,'07:00','08:30'),(45,8862,4,'08:30','10:00'),(46,8865,5,'05:30','07:00'),(47,8868,1,'05:30','07:00'),(48,8871,2,'07:00','08:30'),(49,8874,2,'04:00','05:30'),(50,8877,3,'07:00','08:30'),(51,8880,1,'04:00','05:00'),(52,8883,2,'05:30','07:00'),(53,8886,2,'01:30','03:00'),(54,8889,1,'04:00','05:30'),(55,8892,2,'05:30','07:00'),(56,8895,1,'00:00','01:30'),(57,8898,5,'23:00','01:00'),(58,8901,4,'09:00','11:00'),(59,8904,2,'01:30','03:00'),(60,8907,1,'01:30','03:00'),(61,8910,5,'23:00','01:00'),(62,8913,2,'07:00','09:00'),(63,8916,1,'05:30','07:00'),(64,8919,3,'05:30','07:00'),(65,8922,1,'00:00','01:30'),(66,8925,1,'01:30','03:00'),(67,8928,3,'05:30','07:00'),(68,8931,1,'07:00','09:00'),(69,8833,4,'02:00','03:30'),(70,8836,1,'02:00','03:30'),(71,8839,1,'04:00','05:30'),(72,8842,2,'04:00','05:30'),(73,8845,1,'04:00','05:00'),(74,8848,3,'04:30','06:00'),(75,8851,3,'06:00','07:30'),(76,8854,2,'01:00','03:00'),(77,8857,1,'07:30','09:30'),(78,8860,3,'04:00','05:30'),(79,8863,2,'01:30','03:00'),(80,8866,3,'04:00','05:30'),(81,8869,1,'07:00','08:30'),(82,8872,1,'04:00','06:00'),(83,8875,5,'04:00','05:30'),(84,8878,1,'05:30','07:00'),(85,8881,6,'00:00','02:00'),(87,8887,1,'00:00','01:30'),(88,8890,6,'03:00','05:00'),(89,8893,1,'04:00','05:30'),(90,8831,5,'04:00','05:30'),(91,8834,4,'00:00','02:00'),(92,8837,5,'05:30','07:00'),(93,8840,5,'05:30','07:00'),(94,8843,3,'07:00','08:30'),(95,8849,5,'06:00','07:30'),(96,8852,5,'04:30','06:00'),(97,8855,3,'04:30','06:00'),(98,8858,5,'01:30','03:00'),(99,8861,4,'04:00','05:30'),(100,8867,2,'07:00','08:30'),(101,8870,4,'04:00','05:30'),(102,8873,4,'01:30','03:00'),(103,8876,2,'06:00','08:00'),(104,8879,4,'07:00','08:30'),(105,8882,4,'02:00','04:00'),(106,8885,5,'04:00','05:30'),(107,8888,3,'04:00','05:30'),(108,8894,4,'01:30','03:00'),(109,8897,4,'04:00','06:00'),(110,8900,4,'07:00','08:30'),(111,8903,3,'05:30','07:00'),(112,8906,3,'00:00','01:30'),(113,8912,3,'05:30','07:00'),(114,8921,4,'07:30','09:00'),(115,8924,3,'00:00','01:30'),(116,8930,3,'01:30','03:00'),(117,8832,3,'01:00','02:00'),(118,8835,3,'00:00','01:30'),(119,8847,4,'01:30','03:00'),(120,8850,3,'01:30','03:00'),(121,8856,3,'06:00','07:30'),(122,8859,5,'07:00','08:30'),(123,8862,5,'08:30','10:00'),(124,8865,5,'07:00','08:30'),(125,8868,3,'05:30','07:00'),(126,8871,4,'01:30','03:00'),(127,8874,4,'00:00','01:30'),(128,8877,5,'01:30','03:00'),(129,8880,1,'05:00','09:00'),(130,8883,4,'05:30','07:00'),(131,8886,4,'01:30','03:00'),(132,8889,3,'04:00','05:30'),(133,8892,4,'04:00','05:30'),(134,8895,3,'05:30','07:00'),(135,8901,5,'04:00','06:00'),(136,8904,4,'01:30','03:00'),(137,8907,3,'01:30','03:00'),(138,8913,2,'09:00','11:00'),(139,8916,3,'00:00','01:30'),(140,8919,5,'05:30','07:00'),(141,8922,2,'01:30','03:00'),(142,8925,3,'01:30','03:00'),(143,8928,5,'01:30','03:00'),(144,8833,5,'01:30','03:00'),(145,8836,3,'04:00','05:30'),(146,8839,4,'07:00','08:30'),(147,8842,4,'04:00','05:30'),(148,8845,1,'05:00','07:00'),(149,8848,4,'01:30','03:00'),(150,8851,5,'04:30','06:00'),(151,8857,4,'04:00','06:00'),(152,8860,5,'04:00','05:30'),(153,8863,5,'01:30','03:00'),(154,8866,5,'04:00','05:30'),(155,8869,2,'04:00','05:30'),(156,8872,4,'09:00','11:00'),(157,8875,5,'05:30','07:00'),(158,8878,3,'01:30','03:00'),(159,8881,6,'02:00','04:00'),(160,8887,3,'00:00','01:30'),(161,8893,2,'04:00','05:30');
/*!40000 ALTER TABLE `time` ENABLE KEYS */;
UNLOCK TABLES;

--
-- Table structure for table `user`
--

DROP TABLE IF EXISTS `user`;
/*!40101 SET @saved_cs_client     = @@character_set_client */;
/*!50503 SET character_set_client = utf8mb4 */;
CREATE TABLE `user` (
  `userID` int NOT NULL,
  `userPassword` varchar(45) DEFAULT NULL,
  `name` varchar(45) DEFAULT NULL,
  `gender` varchar(45) DEFAULT NULL,
  `email` varchar(45) DEFAULT NULL,
  PRIMARY KEY (`userID`)
) ENGINE=InnoDB DEFAULT CHARSET=utf8mb4 COLLATE=utf8mb4_0900_ai_ci;
/*!40101 SET character_set_client = @saved_cs_client */;

--
-- Dumping data for table `user`
--

LOCK TABLES `user` WRITE;
/*!40000 ALTER TABLE `user` DISABLE KEYS */;
INSERT INTO `user` VALUES (2019034702,'123','이승수','남자','lee@lee');
/*!40000 ALTER TABLE `user` ENABLE KEYS */;
UNLOCK TABLES;

--
-- Final view structure for view `basketview`
--

/*!50001 DROP VIEW IF EXISTS `basketview`*/;
/*!50001 SET @saved_cs_client          = @@character_set_client */;
/*!50001 SET @saved_cs_results         = @@character_set_results */;
/*!50001 SET @saved_col_connection     = @@collation_connection */;
/*!50001 SET character_set_client      = utf8mb4 */;
/*!50001 SET character_set_results     = utf8mb4 */;
/*!50001 SET collation_connection      = utf8mb4_0900_ai_ci */;
/*!50001 CREATE ALGORITHM=UNDEFINED */
/*!50013 DEFINER=`root`@`localhost` SQL SECURITY DEFINER */
/*!50001 VIEW `basketview` AS select `class`.`class_id` AS `class_id`,`class`.`name` AS `name`,`class`.`course_id` AS `course_id`,`lecturer`.`name` AS `Lecturer` from ((`basket` join `class` on((`basket`.`class_id` = `class`.`class_id`))) join `lecturer` on((`class`.`lecturer_id` = `lecturer`.`lecturer_id`))) */;
/*!50001 SET character_set_client      = @saved_cs_client */;
/*!50001 SET character_set_results     = @saved_cs_results */;
/*!50001 SET collation_connection      = @saved_col_connection */;

--
-- Final view structure for view `diff`
--

/*!50001 DROP VIEW IF EXISTS `diff`*/;
/*!50001 SET @saved_cs_client          = @@character_set_client */;
/*!50001 SET @saved_cs_results         = @@character_set_results */;
/*!50001 SET @saved_col_connection     = @@collation_connection */;
/*!50001 SET character_set_client      = utf8mb4 */;
/*!50001 SET character_set_results     = utf8mb4 */;
/*!50001 SET collation_connection      = utf8mb4_0900_ai_ci */;
/*!50001 CREATE ALGORITHM=UNDEFINED */
/*!50013 DEFINER=`root`@`localhost` SQL SECURITY DEFINER */
/*!50001 VIEW `diff` AS select `credits`.`student_id` AS `student_id`,`credits`.`credits_id` AS `credits_id`,`credits`.`course_id` AS `course_id`,(`gpa`.`eachPersonGPA` - `credits`.`grade`) AS `realDiff` from (`credits` join `gpa` on((`credits`.`student_id` = `gpa`.`student_id`))) */;
/*!50001 SET character_set_client      = @saved_cs_client */;
/*!50001 SET character_set_results     = @saved_cs_results */;
/*!50001 SET collation_connection      = @saved_col_connection */;

--
-- Final view structure for view `enrolview`
--

/*!50001 DROP VIEW IF EXISTS `enrolview`*/;
/*!50001 SET @saved_cs_client          = @@character_set_client */;
/*!50001 SET @saved_cs_results         = @@character_set_results */;
/*!50001 SET @saved_col_connection     = @@collation_connection */;
/*!50001 SET character_set_client      = utf8mb4 */;
/*!50001 SET character_set_results     = utf8mb4 */;
/*!50001 SET collation_connection      = utf8mb4_0900_ai_ci */;
/*!50001 CREATE ALGORITHM=UNDEFINED */
/*!50013 DEFINER=`root`@`localhost` SQL SECURITY DEFINER */
/*!50001 VIEW `enrolview` AS select `enrolment`.`userID` AS `userID`,`class`.`course_id` AS `course_id`,`class`.`class_id` AS `class_id`,`class`.`name` AS `class_name`,`lecturer`.`name` AS `Lecturer_name` from ((`enrolment` join `class` on((`enrolment`.`class_ID` = `class`.`class_id`))) join `lecturer` on((`class`.`lecturer_id` = `lecturer`.`lecturer_id`))) */;
/*!50001 SET character_set_client      = @saved_cs_client */;
/*!50001 SET character_set_results     = @saved_cs_results */;
/*!50001 SET collation_connection      = @saved_col_connection */;

--
-- Final view structure for view `gpa`
--

/*!50001 DROP VIEW IF EXISTS `gpa`*/;
/*!50001 SET @saved_cs_client          = @@character_set_client */;
/*!50001 SET @saved_cs_results         = @@character_set_results */;
/*!50001 SET @saved_col_connection     = @@collation_connection */;
/*!50001 SET character_set_client      = utf8mb4 */;
/*!50001 SET character_set_results     = utf8mb4 */;
/*!50001 SET collation_connection      = utf8mb4_0900_ai_ci */;
/*!50001 CREATE ALGORITHM=UNDEFINED */
/*!50013 DEFINER=`root`@`localhost` SQL SECURITY DEFINER */
/*!50001 VIEW `gpa` AS select `credits`.`student_id` AS `student_id`,avg(`credits`.`grade`) AS `eachPersonGPA` from `credits` group by `credits`.`student_id` */;
/*!50001 SET character_set_client      = @saved_cs_client */;
/*!50001 SET character_set_results     = @saved_cs_results */;
/*!50001 SET collation_connection      = @saved_col_connection */;

--
-- Final view structure for view `olap`
--

/*!50001 DROP VIEW IF EXISTS `olap`*/;
/*!50001 SET @saved_cs_client          = @@character_set_client */;
/*!50001 SET @saved_cs_results         = @@character_set_results */;
/*!50001 SET @saved_col_connection     = @@collation_connection */;
/*!50001 SET character_set_client      = utf8mb4 */;
/*!50001 SET character_set_results     = utf8mb4 */;
/*!50001 SET collation_connection      = utf8mb4_0900_ai_ci */;
/*!50001 CREATE ALGORITHM=UNDEFINED */
/*!50013 DEFINER=`root`@`localhost` SQL SECURITY DEFINER */
/*!50001 VIEW `olap` AS select `diff`.`course_id` AS `course_id`,avg(`diff`.`realDiff`) AS `answer` from `diff` group by `diff`.`credits_id` order by `answer` desc limit 10 */;
/*!50001 SET character_set_client      = @saved_cs_client */;
/*!50001 SET character_set_results     = @saved_cs_results */;
/*!50001 SET collation_connection      = @saved_col_connection */;

--
-- Final view structure for view `room_occupancy`
--

/*!50001 DROP VIEW IF EXISTS `room_occupancy`*/;
/*!50001 SET @saved_cs_client          = @@character_set_client */;
/*!50001 SET @saved_cs_results         = @@character_set_results */;
/*!50001 SET @saved_col_connection     = @@collation_connection */;
/*!50001 SET character_set_client      = utf8mb4 */;
/*!50001 SET character_set_results     = utf8mb4 */;
/*!50001 SET collation_connection      = utf8mb4_0900_ai_ci */;
/*!50001 CREATE ALGORITHM=UNDEFINED */
/*!50013 DEFINER=`root`@`localhost` SQL SECURITY DEFINER */
/*!50001 VIEW `room_occupancy` AS select `room`.`occupancy` AS `occupancy`,`class`.`class_id` AS `class_id` from (`class` join `room` on((`class`.`room_id` = `room`.`room_id`))) */;
/*!50001 SET character_set_client      = @saved_cs_client */;
/*!50001 SET character_set_results     = @saved_cs_results */;
/*!50001 SET collation_connection      = @saved_col_connection */;

--
-- Final view structure for view `schedule`
--

/*!50001 DROP VIEW IF EXISTS `schedule`*/;
/*!50001 SET @saved_cs_client          = @@character_set_client */;
/*!50001 SET @saved_cs_results         = @@character_set_results */;
/*!50001 SET @saved_col_connection     = @@collation_connection */;
/*!50001 SET character_set_client      = utf8mb4 */;
/*!50001 SET character_set_results     = utf8mb4 */;
/*!50001 SET collation_connection      = utf8mb4_0900_ai_ci */;
/*!50001 CREATE ALGORITHM=UNDEFINED */
/*!50013 DEFINER=`root`@`localhost` SQL SECURITY DEFINER */
/*!50001 VIEW `schedule` AS select `enrolment`.`class_ID` AS `class_id`,`enrolment`.`userID` AS `userID`,`class`.`name` AS `name`,`time`.`day` AS `day`,`time`.`begin` AS `begin`,`time`.`end` AS `end` from ((`enrolment` join `class` on((`enrolment`.`class_ID` = `class`.`class_id`))) join `time` on((`enrolment`.`class_ID` = `time`.`class_id`))) */;
/*!50001 SET character_set_client      = @saved_cs_client */;
/*!50001 SET character_set_results     = @saved_cs_results */;
/*!50001 SET collation_connection      = @saved_col_connection */;
/*!40103 SET TIME_ZONE=@OLD_TIME_ZONE */;

/*!40101 SET SQL_MODE=@OLD_SQL_MODE */;
/*!40014 SET FOREIGN_KEY_CHECKS=@OLD_FOREIGN_KEY_CHECKS */;
/*!40014 SET UNIQUE_CHECKS=@OLD_UNIQUE_CHECKS */;
/*!40101 SET CHARACTER_SET_CLIENT=@OLD_CHARACTER_SET_CLIENT */;
/*!40101 SET CHARACTER_SET_RESULTS=@OLD_CHARACTER_SET_RESULTS */;
/*!40101 SET COLLATION_CONNECTION=@OLD_COLLATION_CONNECTION */;
/*!40111 SET SQL_NOTES=@OLD_SQL_NOTES */;

-- Dump completed on 2022-11-08 23:44:35
